subclass_id,subclass,event_type_id,name,Country classification,Group
23,|Horse Racing|,16171,AINTREE,UK,1
23,|Horse Racing|,16172,ASCOT,UK,1
23,|Horse Racing|,16175,AYR,UK,1
23,|Horse Racing|,16176,BALLINROBE,IRE,1
23,|Horse Racing|,16177,BANGOR,UK,1
23,|Horse Racing|,16178,BATH,UK,1
23,|Horse Racing|,16179,BELLEWSTOWN,IRE,1
23,|Horse Racing|,16180,BEVERLEY,UK,1
23,|Horse Racing|,16181,BRIGHTON,UK,1
23,|Horse Racing|,16182,CARLISLE,UK,1
23,|Horse Racing|,16183,CARTMEL,UK,1
23,|Horse Racing|,16184,CATTERICK,UK,1
23,|Horse Racing|,16185,CHELTENHAM,UK,1
23,|Horse Racing|,16186,CHEPSTOW,UK,1
23,|Horse Racing|,16187,CHESTER,UK,1
23,|Horse Racing|,16188,CLONMEL,IRE,1
23,|Horse Racing|,16189,CORK,IRE,1
23,|Horse Racing|,16190,CURRAGH,IRE,1
23,|Horse Racing|,16191,DONCASTER,UK,1
23,|Horse Racing|,16192,DOWN ROYAL,IRE,1
23,|Horse Racing|,16193,DOWNPATRICK,IRE,1
23,|Horse Racing|,16194,DUNDALK,IRE,1
23,|Horse Racing|,16195,EPSOM,UK,1
23,|Horse Racing|,16196,EXETER,UK,1
23,|Horse Racing|,16197,FAIRYHOUSE,IRE,1
23,|Horse Racing|,16198,FAKENHAM,UK,1
23,|Horse Racing|,16199,FFOS LAS,UK,1
23,|Horse Racing|,16200,FONTWELL,UK,1
23,|Horse Racing|,16201,GALWAY,IRE,1
23,|Horse Racing|,16202,GOODWOOD,UK,1
23,|Horse Racing|,16203,GOWRAN PARK,IRE,1
23,|Horse Racing|,16204,HAMILTON,UK,1
23,|Horse Racing|,16205,HAYDOCK,UK,1
23,|Horse Racing|,16206,HEREFORD,UK,1
23,|Horse Racing|,16207,HEXHAM,UK,1
23,|Horse Racing|,16208,HUNTINGDON,UK,1
23,|Horse Racing|,16209,KELSO,UK,1
23,|Horse Racing|,16210,KEMPTON,UK,1
23,|Horse Racing|,16211,KILBEGGAN,IRE,1
23,|Horse Racing|,16212,KILLARNEY,IRE,1
23,|Horse Racing|,16213,LAYTOWN,IRE,1
23,|Horse Racing|,16214,LEICESTER,UK,1
23,|Horse Racing|,16215,LEOPARDSTOWN,IRE,1
23,|Horse Racing|,16216,LIMERICK,IRE,1
23,|Horse Racing|,16217,LINGFIELD,UK,1
23,|Horse Racing|,16218,LISTOWEL,IRE,1
23,|Horse Racing|,16219,LUDLOW,UK,1
23,|Horse Racing|,16220,MARKET RASEN,UK,1
23,|Horse Racing|,16221,MUSSELBURGH,UK,1
23,|Horse Racing|,16222,NAAS,IRE,1
23,|Horse Racing|,16223,NAVAN,IRE,1
23,|Horse Racing|,16224,NEWBURY,UK,1
23,|Horse Racing|,16225,NEWCASTLE,UK,1
23,|Horse Racing|,16226,NEWMARKET,UK,1
23,|Horse Racing|,16227,NEWTON ABBOT,UK,1
23,|Horse Racing|,16228,NOTTINGHAM,UK,1
23,|Horse Racing|,16229,PERTH,UK,1
23,|Horse Racing|,16230,PLUMPTON,UK,1
23,|Horse Racing|,16231,PUNCHESTOWN,IRE,1
23,|Horse Racing|,16232,REDCAR,UK,1
23,|Horse Racing|,16233,RIPON,UK,1
23,|Horse Racing|,16234,PONTEFRACT,UK,1
23,|Horse Racing|,16235,FOLKESTONE,UK,1
23,|Horse Racing|,16236,ROSCOMMON,IRE,1
23,|Horse Racing|,16237,SALISBURY,UK,1
23,|Horse Racing|,16238,SANDOWN,UK,1
23,|Horse Racing|,16239,SEDGEFIELD,UK,1
23,|Horse Racing|,16240,SLIGO,IRE,1
23,|Horse Racing|,16241,SOUTHWELL,UK,1
23,|Horse Racing|,16242,STRATFORD,UK,1
23,|Horse Racing|,16243,TAUNTON,UK,1
23,|Horse Racing|,16244,THIRSK,UK,1
23,|Horse Racing|,16245,THURLES,IRE,1
23,|Horse Racing|,16246,TIPPERARY,IRE,1
23,|Horse Racing|,16247,TOWCESTER,UK,1
23,|Horse Racing|,16248,TRAMORE,IRE,1
23,|Horse Racing|,16249,UTTOXETER,UK,1
23,|Horse Racing|,16250,WARWICK,UK,1
23,|Horse Racing|,16251,WETHERBY,UK,1
23,|Horse Racing|,16252,WEXFORD,IRE,1
23,|Horse Racing|,16253,WINCANTON,UK,1
23,|Horse Racing|,16254,WINDSOR,UK,1
23,|Horse Racing|,16255,WOLVERHAMPTON,UK,1
23,|Horse Racing|,16256,WORCESTER,UK,1
23,|Horse Racing|,16257,YARMOUTH,UK,1
23,|Horse Racing|,16258,YORK,UK,1
23,|Horse Racing|,16259,ROYAL ASCOT,UK,1
23,|Horse Racing|,16262,ALBANY,ROW,8
23,|Horse Racing|,16263,LAUREL PARK,US2,4
23,|Horse Racing|,16264,SAINT-CLOUD,FRA,2
23,|Horse Racing|,16265,ALBION PARK,ROW,8
23,|Horse Racing|,16266,****LION DANGER*****,FRA,2
23,|Horse Racing|,16267,CLAIRFONTAIN,FRA,2
23,|Horse Racing|,16268,LONGCHAMP,FRA,2
23,|Horse Racing|,16269,LYON-LA SOIE,FRA,2
23,|Horse Racing|,16270,SAN SIRO,ROW,8
23,|Horse Racing|,16272,LYON PARILLY,FRA,2
23,|Horse Racing|,16273,AMIENS,FRA,2
23,|Horse Racing|,16275,MAISONS-LAFFITTE,FRA,2
23,|Horse Racing|,16276,SANTA ANITA,US1,3
23,|Horse Racing|,16277,MARSEILLE B,FRA,2
23,|Horse Racing|,16278,MARSEILLE,FRA,2
23,|Horse Racing|,16280,MENANGLE,ROW,8
23,|Horse Racing|,16281,CLAIRWOOD,SA,7
23,|Horse Racing|,16283,SARATOGA,US1,3
23,|Horse Racing|,16284,MEYDAN,UAE,6
23,|Horse Racing|,16285,ANGERS,FRA,2
23,|Horse Racing|,16286,SCOTTSVILLE,SA,7
23,|Horse Racing|,16287,MNEE VALLEY,ROW,8
23,|Horse Racing|,16288,MONMOUTH,US1,3
23,|Horse Racing|,16289,ARGENTAN,ROW,8
23,|Horse Racing|,16290,MUNICH,ROW,8
23,|Horse Racing|,16291,NARROGIN,ROW,8
23,|Horse Racing|,16292,SHA TIN.,ROW,8
23,|Horse Racing|,16293,CLUB HIPICO,ROW,8
23,|Horse Racing|,16294,NEUSS OLD,ROW,8
23,|Horse Racing|,16296,COLOGNE,ROW,8
23,|Horse Racing|,16297,ARLINGTON,SA,7
23,|Horse Racing|,16298,NEUSS,ROW,8
23,|Horse Racing|,16299,COMPIEGNE,FRA,2
23,|Horse Racing|,16300,NEWBURY ARAB,UK,1
23,|Horse Racing|,16301,STRASBOURG,FRA,2
23,|Horse Racing|,16302,ARLINGTON PARK,US2,4
23,|Horse Racing|,16303,DEAUVILLE,FRA,2
23,|Horse Racing|,16304,NORTHAM,ROW,8
23,|Horse Racing|,16305,SUNSHINE CT,ROW,8
23,|Horse Racing|,16306,ASCOT AU,ROW,8
23,|Horse Racing|,16307,DEL MAR,US1,3
23,|Horse Racing|,16308,TAMPA BAY,US2,4
23,|Horse Racing|,16309,PARDUBICE,ROW,8
23,|Horse Racing|,16310,AUTEUIL,FRA,2
23,|Horse Racing|,16311,PARDUBICKA,ROW,8
23,|Horse Racing|,16312,BADEN BADEN,ROW,8
23,|Horse Racing|,16313,DELAWARE PK.,US2,4
23,|Horse Racing|,16314,TAMWORTH,ROW,8
23,|Horse Racing|,16315,PARKES,ROW,8
23,|Horse Racing|,16316,DIEPPE,FRA,2
23,|Horse Racing|,16317,TOKYO,ROW,8
23,|Horse Racing|,16318,TOOWOOMBA,ROW,8
23,|Horse Racing|,16319,DORTMUND,ROW,8
23,|Horse Racing|,16320,PAU,FRA,2
23,|Horse Racing|,16321,BALLARAT,ROW,8
23,|Horse Racing|,16322,PENRITH,ROW,8
23,|Horse Racing|,16323,DUBBO,ROW,8
23,|Horse Racing|,16324,BANKSTOWN,ROW,8
23,|Horse Racing|,16325,TOULOUSE,FRA,2
23,|Horse Racing|,16326,DURBANVILLE,SA,7
23,|Horse Racing|,16327,TURF PARADISE ,US3,5
23,|Horse Racing|,16328,BATHURST,ROW,8
23,|Horse Racing|,16329,DUSSELDORF,ROW,8
23,|Horse Racing|,16330,BELMONT PARK,US1,3
23,|Horse Racing|,16331,TURFFONTEIN,SA,7
23,|Horse Racing|,16332,PHILADELPHIA,US1,3
23,|Horse Racing|,16333,ENGHIEN,FRA,2
23,|Horse Racing|,16334,BELMONT STAKES,US1,3
23,|Horse Racing|,16335,PIMLICO,US2,4
23,|Horse Racing|,16336,BELMONT PK,US1,3
23,|Horse Racing|,16337,PINJARRA,ROW,8
23,|Horse Racing|,16338,FAIRVIEW,SA,7
23,|Horse Racing|,16339,PORT PIRIE,ROW,8
23,|Horse Racing|,16340,FINGER LAKES,US1,3
23,|Horse Racing|,16342,REDCLIFFE,ROW,8
23,|Horse Racing|,16343,FLAMINGO PK,SA,7
23,|Horse Racing|,16344,FLEMINGTON,ROW,8
23,|Horse Racing|,16345,ROSEHILL,ROW,8
23,|Horse Racing|,16346,FONTAINEBLEAU,FRA,2
23,|Horse Racing|,16347,FORT ERIE,US3,5
23,|Horse Racing|,16348,BORDEAUX BO,FRA,2
23,|Horse Racing|,16349,FRANKFURT,ROW,8
23,|Horse Racing|,16350,BREMEN,ROW,8
23,|Horse Racing|,16351,BULLI,ROW,8
23,|Horse Racing|,16352,GEELONG,ROW,8
23,|Horse Racing|,16353,GERALDTON,ROW,8
23,|Horse Racing|,16354,BUNBURY,ROW,8
23,|Horse Racing|,16355,CAGNESSURMER,FRA,2
23,|Horse Racing|,16356,GLOBE DERBY,ROW,8
23,|Horse Racing|,16357,CALDER,ROW,8
23,|Horse Racing|,16358,GLOUCEST PK,ROW,8
23,|Horse Racing|,16359,CANBERRA,ROW,8
23,|Horse Racing|,16360,GOLD COAST,ROW,8
23,|Horse Racing|,16361,GREYVILLE,SA,7
23,|Horse Racing|,16362,CANTERBURY,ROW,8
23,|Horse Racing|,16363,GULFSTREAM,US1,3
23,|Horse Racing|,16364,CAPANNELLE,FRA,2
23,|Horse Racing|,16365,CAULFIELD,ROW,8
23,|Horse Racing|,16366,HAMBURG,ROW,8
23,|Horse Racing|,16367,HANNOVER,ROW,8
23,|Horse Racing|,16368,HAROLD PARK,ROW,8
23,|Horse Racing|,16369,CHANTILLY,FRA,2
23,|Horse Racing|,16370,HARVEY,ROW,8
23,|Horse Racing|,16371,CHATEAUBRIANT,FRA,2
23,|Horse Racing|,16372,HAWTHORNE,ROW,8
23,|Horse Racing|,16373,CHURCHILL DOWNS,US1,3
23,|Horse Racing|,16374,HIPO CHILE,ROW,8
23,|Horse Racing|,16375,HOOSIER PARK,US3,5
23,|Horse Racing|,16376,HOPPEGARTEN,ROW,8
23,|Horse Racing|,16377,HORSE XTRA,ROW,8
23,|Horse Racing|,16378,TURFWAY,US3,5
23,|Horse Racing|,16379,JEBEL ALI,UAE,6
23,|Horse Racing|,16380,KEENELAND,US1,3
23,|Horse Racing|,16381,VAAL,SA,7
23,|Horse Racing|,16382,VALPARAISO,ROW,8
23,|Horse Racing|,16383,VELIEFENDI,ROW,8
23,|Horse Racing|,16384,KENILWORTH,SA,7
23,|Horse Racing|,16385,VICHY,FRA,2
23,|Horse Racing|,16386,KENTUCKY DWN,US2,4
23,|Horse Racing|,16387,VINCENNES,FRA,2
23,|Horse Racing|,16388,KRANJI,ROW,8
23,|Horse Racing|,16389,KREFELD,ROW,8
23,|Horse Racing|,16390,LA PLATA,FRA,2
23,|Horse Racing|,16391,LA TESTE,FRA,2
23,|Horse Racing|,16392,WOODBINE (US),US2,4
23,|Horse Racing|,16394,YORK AU,ROW,8
23,|Horse Racing|,16395,YOUNG,ROW,8
23,|Horse Racing|,16650,NAD AL SHEBA,UAE,6
23,|Horse Racing|,16651,DRESDEN,ROW,8
23,|Horse Racing|,16652,TRALEE,ROW,8
23,|Horse Racing|,16653,NEWMARKET SA,ROW,8
23,|Horse Racing|,16654,CHELMSFORD CITY,UK,1
23,|Horse Racing|,16745,SUFFOLK,US3,5
23,|Horse Racing|,16746,RIVER DOWNS,US3,5
23,|Horse Racing|,16823,BORDEAUX BO',FRA,2
23,|Horse Racing|,16883,ARLINGTON*,US2,4
23,|Horse Racing|,16884,WOODBINE,US2,4
23,|Horse Racing|,17005,W'HAMPTON,UK,1
23,|Horse Racing|,17006,MAISONS LAFF,FRA,2
23,|Horse Racing|,17193,MARONAS,ROW,8
23,|Horse Racing|,17194,SAN ISIDRO,ROW,8
23,|Horse Racing|,17460,ST MALO,ROW,8
23,|Horse Racing|,17666,CHATEAUBRI',FRA,2
23,|Horse Racing|,17667,WOLVERHAMPTON ,UK,1
23,|Horse Racing|,17668,NANCY,FRA,2
23,|Horse Racing|,17834,MARSEILLE B',FRA,2
23,|Horse Racing|,18016,SALON DE PR',FRA,2
23,|Horse Racing|,18555,CHURCHILL,US1,3
23,|Horse Racing|,18556,BORDEAUX BOUSCAT,FRA,2
23,|Horse Racing|,18676,MARSEILLEV',FRA,2
23,|Horse Racing|,18898,SANTA ROSA,ROW,8
23,|Horse Racing|,18899,MAURITIUS,ROW,8
23,|Horse Racing|,18979,D'VILLE MIDI,FRA,2
23,|Horse Racing|,19983,MONTDEMARSAN,FRA,2
23,|Horse Racing|,20014,VIRE,ROW,8
23,|Horse Racing|,20070,MONS,FRA,2
23,|Horse Racing|,20075,MIJAS,ROW,8
23,|Horse Racing|,20397,WILL ROGERS,US3,5
23,|Horse Racing|,20563,LA ZARZUELA,FRA,2
23,|Horse Racing|,20706,SUNLAND PARK,US3,5
23,|Horse Racing|,21573,TURFTV EXTRAS,ROW,8
23,|Horse Racing|,22293,***LION D'ANGER,FRA,2
23,|Horse Racing|,22339,MAGDEBURG,ROW,8
23,|Horse Racing|,23134,DAX,FRA,2
23,|Horse Racing|,23286,CRAON,FRA,2
23,|Horse Racing|,23441,CHARITY RACE,FRA,2
23,|Horse Racing|,23882,HYERES,FRA,2
23,|Horse Racing|,23886,CHARTRES,FRA,2
23,|Horse Racing|,23887,CABOURG,FRA,2
23,|Horse Racing|,23888,MAUQUENCHY,FRA,2
23,|Horse Racing|,23889,ABBEVILLE,IRE,1
23,|Horse Racing|,23890,BEAUMONT DE LOMAGNE,FRA,2
23,|Horse Racing|,23891,BERNAY,ROW,8
23,|Horse Racing|,23892,CAEN,FRA,2
23,|Horse Racing|,23893,CASTILLONNES,ROW,8
23,|Horse Racing|,23894,CORDEMAIS,ROW,8
23,|Horse Racing|,23895,DREUX,ROW,8
23,|Horse Racing|,23896,DOZULE,ROW,8
23,|Horse Racing|,23897,FEURS,FRA,2
23,|Horse Racing|,23898,FRANCHEVILLE,FRA,2
23,|Horse Racing|,23899,CHERBOURG,FRA,2
23,|Horse Racing|,23900,CRAIGNES,ROW,8
23,|Horse Racing|,23901,LA CAPELLE,FRA,2
23,|Horse Racing|,23902,LAON,FRA,2
23,|Horse Racing|,23903,MONPAZIER,ROW,8
23,|Horse Racing|,23904,RAMBOUILLET,FRA,2
23,|Horse Racing|,23905,VILLENEUVE SUR LOT,FRA,2
23,|Horse Racing|,23906,VALOGNES,ROW,8
23,|Horse Racing|,23907,ZONZA,ROW,8
23,|Horse Racing|,23908,FIRENZE,ROW,8
23,|Horse Racing|,23909,NAPOLI,ROW,8
23,|Horse Racing|,23910,SIRACUSA,ROW,8
23,|Horse Racing|,23911,CHILIVANI,ROW,8
23,|Horse Racing|,23912,LIVORNO,ROW,8
23,|Horse Racing|,23913,CROSSETO,ROW,8
23,|Horse Racing|,23914,CORRIDONIA,ROW,8
23,|Horse Racing|,23915,TORINO,ROW,8
23,|Horse Racing|,23916,MONTECATINI,ROW,8
23,|Horse Racing|,23917,TARANTO,ROW,8
23,|Horse Racing|,23918,FOGGIA,ROW,8
23,|Horse Racing|,23919,TRIESTE,ROW,8
23,|Horse Racing|,23920,FOLLONICA,ROW,8
23,|Horse Racing|,23921,MODENA,ROW,8
23,|Horse Racing|,23922,TREVISO,ROW,8
23,|Horse Racing|,23923,PALERMO,ROW,8
23,|Horse Racing|,23924,BOLOGNA,ROW,8
23,|Horse Racing|,24227,MULHEIM,ROW,8
23,|Horse Racing|,24454,AQUEDUCT,US1,3
23,|Horse Racing|,24973,HIPODROMO CHILE,ROW,8
23,|Horse Racing|,24974,VALPARAISO SPORTING CLUB,ROW,8
23,|Horse Racing|,24975,CLUB HIPICO SANTIAGO,ROW,8
23,|Horse Racing|,25284,AFFANE,ROW,8
23,|Horse Racing|,25285,CARRIGTWOHILL,ROW,8
23,|Horse Racing|,25286,NENAGH,ROW,8
23,|Horse Racing|,25294,AINTREE- R,UK,1
23,|Horse Racing|,25295,AGHABULLOGUE,ROW,8
23,|Horse Racing|,25296,ANNAGARVEY,ROW,8
23,|Horse Racing|,25297,ASHFORD,ROW,8
23,|Horse Racing|,25298,ASKEATON,ROW,8
23,|Horse Racing|,25339,ATHENRY,ROW,8
23,|Horse Racing|,25340,ATHLACCA,ROW,8
23,|Horse Racing|,25341,AVAUNE,FRA,2
23,|Horse Racing|,25342,BALLACOLLA,ROW,8
23,|Horse Racing|,25343,BALINDENISK,ROW,8
23,|Horse Racing|,25344,BALINGARRY,ROW,8
23,|Horse Racing|,25345,BALLINGARRY-W,ROW,8
23,|Horse Racing|,25346,***BALLINROBE,IRE,1
23,|Horse Racing|,25347,BALLINROBE- R,IRE,1
23,|Horse Racing|,25348,BALLINTUBBER,IRE,1
23,|Horse Racing|,25349,BALLON,FRA,2
23,|Horse Racing|,25350,BALLYBUNION,ROW,8
23,|Horse Racing|,25351,BALLYDARRAGH,ROW,8
23,|Horse Racing|,25352,BALLYDURN,ROW,8
23,|Horse Racing|,25353,BALLYGIBLIN,ROW,8
23,|Horse Racing|,25354,BALLYMAHON,ROW,8
23,|Horse Racing|,25355,BALLYMENA,ROW,8
23,|Horse Racing|,25356,BALLYNOE,ROW,8
23,|Horse Racing|,25357,BALLYRAGGET,ROW,8
23,|Horse Racing|,25358,BALLYSHEEDY,ROW,8
23,|Horse Racing|,25359,BALLYSTEEN,ROW,8
23,|Horse Racing|,25360,CLONMEL- R,IRE,1
23,|Horse Racing|,25361,BANNTOWN,ROW,8
23,|Horse Racing|,25362,BARTLEMY,ROW,8
23,|Horse Racing|,25363,BELCLARE,ROW,8
23,|Horse Racing|,25364,BELHARBOUR,ROW,8
23,|Horse Racing|,25365,BENNETTSBRIDGE,ROW,8
23,|Horse Racing|,25366,BORRIS HOUSE,ROW,8
23,|Horse Racing|,25367,BOULTA,ROW,8
23,|Horse Racing|,25368,BRAMBLESTOWN,ROW,8
23,|Horse Racing|,25369,BRAY,ROW,8
23,|Horse Racing|,25370,BRUFF,ROW,8
23,|Horse Racing|,25371,BUTLERSTOWN,ROW,8
23,|Horse Racing|,25372,BUTTEVANT,ROW,8
23,|Horse Racing|,25373,CAHERGAL,ROW,8
23,|Horse Racing|,25374,CAHERLISTRANE,ROW,8
23,|Horse Racing|,25375,CAIM,FRA,2
23,|Horse Racing|,25376,CAMOLIN,ROW,8
23,|Horse Racing|,25377,CARRIGTWOHILL,ROW,8
23,|Horse Racing|,25378,CASHEL,ROW,8
23,|Horse Racing|,25379,CASTLETOWN-GEOGHEGAN,ROW,8
23,|Horse Racing|,25380,CASTLETOWNROCHE,ROW,8
23,|Horse Racing|,25381,CECILSTOWN,ROW,8
23,|Horse Racing|,25382,CHELTENHAM- R,UK,1
23,|Horse Racing|,25384,CLANDEBOYE,ROW,8
23,|Horse Racing|,25385,CLONAKILTY,ROW,8
23,|Horse Racing|,25386,CLONMEL- E,IRE,1
23,|Horse Racing|,25387,CLOUGHAN,ROW,8
23,|Horse Racing|,25388,CLOYNE,ROW,8
23,|Horse Racing|,25389,COMBER,ROW,8
23,|Horse Racing|,25390,CONNA,ROW,8
23,|Horse Racing|,25391,COOLATIN,ROW,8
23,|Horse Racing|,25392,COOLKIP,ROW,8
23,|Horse Racing|,25393,CORK- R,IRE,1
23,|Horse Racing|,25394,CORRIN,ROW,8
23,|Horse Racing|,25395,CRAANFORD,ROW,8
23,|Horse Racing|,25396,CRAGMORE,ROW,8
23,|Horse Racing|,25397,CRAIGANTLET,ROW,8
23,|Horse Racing|,25398,CREGG,ROW,8
23,|Horse Racing|,25399,CREGG-A,ROW,8
23,|Horse Racing|,25400,CROOM,ROW,8
23,|Horse Racing|,25401,CRUMLIN,ROW,8
23,|Horse Racing|,25402,CULLENTRA,ROW,8
23,|Horse Racing|,25403,CURRAGH- R,IRE,1
23,|Horse Racing|,25404,CURRAGHMORE,ROW,8
23,|Horse Racing|,25405,DAWSTOWN,ROW,8
23,|Horse Racing|,25406,DXONCASTER -R,UK,1
23,|Horse Racing|,25407,DONORE,ROW,8
23,|Horse Racing|,25408,DOORY,ROW,8
23,|Horse Racing|,25409,DOWN ROYAL- R,IRE,1
23,|Horse Racing|,25410,DOWNPATRICK- R,IRE,1
23,|Horse Racing|,25411,DROMAHANE,ROW,8
23,|Horse Racing|,25412,DROMOLAND,ROW,8
23,|Horse Racing|,25413,DROMORE,ROW,8
23,|Horse Racing|,25414,DRUMCAR,ROW,8
23,|Horse Racing|,25415,DUNDALK- R,IRE,1
23,|Horse Racing|,25416,DUNDRUM,ROW,8
23,|Horse Racing|,25417,DUNGANNON,ROW,8
23,|Horse Racing|,25418,DUNGARVIN,ROW,8
23,|Horse Racing|,25419,DUNGOURNEY,ROW,8
23,|Horse Racing|,25420,DURROW,ROW,8
23,|Horse Racing|,25421,EGLISH,ROW,8
23,|Horse Racing|,25422,ENFIELD,ROW,8
23,|Horse Racing|,25423,ENNISCORTHY,ROW,8
23,|Horse Racing|,25424,ENNISKILLEN,ROW,8
23,|Horse Racing|,25425,EYRECOURT,ROW,8
23,|Horse Racing|,25426,FAIRYHOUSE- R,IRE,1
23,|Horse Racing|,25427,FAKENHAM- R,UK,1
23,|Horse Racing|,25428,FARMACLAFFLEY,ROW,8
23,|Horse Racing|,25429,FARNANES,ROW,8
23,|Horse Racing|,25430,FERMOY,ROW,8
23,|Horse Racing|,25431,FRIARSTOWN,ROW,8
23,|Horse Racing|,25432,GALGORM,ROW,8
23,|Horse Racing|,25433,GALWAY- R,IRE,1
23,|Horse Racing|,25434,GLENBANE,ROW,8
23,|Horse Racing|,25435,GOREY,ROW,8
23,|Horse Racing|,25436,GORTBOY,ROW,8
23,|Horse Racing|,25437,GOWRAN PARK- R,IRE,1
23,|Horse Racing|,25438,GREENMOUNT,ROW,8
23,|Horse Racing|,25439,GRENNAN,ROW,8
23,|Horse Racing|,25440,HORSE AND JOCKEY,ROW,8
23,|Horse Racing|,25441,INCH,ROW,8
23,|Horse Racing|,25442,INCHYDONEY,ROW,8
23,|Horse Racing|,25443,INNISHANNON,ROW,8
23,|Horse Racing|,25444,KELSO- R,UK,1
23,|Horse Racing|,25445,KILBEGGAN- R,IRE,1
23,|Horse Racing|,25446,KILCREA,ROW,8
23,|Horse Racing|,25447,KILDORRERY,ROW,8
23,|Horse Racing|,25448,KILFEACLE,ROW,8
23,|Horse Racing|,25449,KILL,ROW,8
23,|Horse Racing|,25450,KILLALOE,ROW,8
23,|Horse Racing|,25451,KILLARNEY- R,IRE,1
23,|Horse Racing|,25452,KILLASHEE,ROW,8
23,|Horse Racing|,25453,KILLEAGH,ROW,8
23,|Horse Racing|,25454,KILMALLOCK,ROW,8
23,|Horse Racing|,25455,KILMUCKRIDGE,ROW,8
23,|Horse Racing|,25456,KILOSSERA,ROW,8
23,|Horse Racing|,25457,KILSHEELAN,ROW,8
23,|Horse Racing|,25458,KILWORTH,ROW,8
23,|Horse Racing|,25459,KINSALE,ROW,8
23,|Horse Racing|,25460,KINSALE (2),ROW,8
23,|Horse Racing|,25461,KIRKISTOWN,ROW,8
23,|Horse Racing|,25462,KNOCKANARD,ROW,8
23,|Horse Racing|,25463,KNOCKLONG,ROW,8
23,|Horse Racing|,25464,LAHARN,ROW,8
23,|Horse Racing|,25465,LARGY,ROW,8
23,|Horse Racing|,25466,LAURENCETOWN,ROW,8
23,|Horse Racing|,25467,LAYTOWN- R,IRE,1
23,|Horse Racing|,25468,LEADINGTON,ROW,8
23,|Horse Racing|,25469,LEMONFIELD,ROW,8
23,|Horse Racing|,25470,LENNYMORE,ROW,8
23,|Horse Racing|,25471,LEOPARDSTOWN- R,IRE,1
23,|Horse Racing|,25472,LIMAVADY,ROW,8
23,|Horse Racing|,25473,LIMERICK- R,IRE,1
23,|Horse Racing|,25474,LINGSTOWN,ROW,8
23,|Horse Racing|,25475,LISCARROLL,ROW,8
23,|Horse Racing|,25476,LISGOOLD,ROW,8
23,|Horse Racing|,25477,LISMORE,ROW,8
23,|Horse Racing|,25478,LISNALINCHY,ROW,8
23,|Horse Racing|,25479,LISRONAGH,ROW,8
23,|Horse Racing|,25480,LISTOWEL- R,IRE,1
23,|Horse Racing|,25481,LONGFORD,ROW,8
23,|Horse Racing|,25482,LOUGHANMORE,ROW,8
23,|Horse Racing|,25483,LOUGHANMORE (2),ROW,8
23,|Horse Racing|,25484,LOUGHBRICKLAND,ROW,8
23,|Horse Racing|,25485,LOUGHREA,ROW,8
23,|Horse Racing|,25486,MAGANEY,ROW,8
23,|Horse Racing|,25487,MARALIN,ROW,8
23,|Horse Racing|,25488,MILLSTREET,ROW,8
23,|Horse Racing|,25489,MILLTOWN,ROW,8
23,|Horse Racing|,25490,MONKSGRANGE,ROW,8
23,|Horse Racing|,25491,MOOREPARK,ROW,8
23,|Horse Racing|,25492,MOY,ROW,8
23,|Horse Racing|,25493,MUSSELBURGH- R,UK,1
23,|Horse Racing|,25494,NAAS- R,IRE,1
23,|Horse Racing|,25495,NAUL,ROW,8
23,|Horse Racing|,25496,NAVAN- R,IRE,1
23,|Horse Racing|,25497,NECARNE,ROW,8
23,|Horse Racing|,25498,OLDCASTLE,ROW,8
23,|Horse Racing|,25499,OLDTOWN,ROW,8
23,|Horse Racing|,25500,PATRICKSWELL,ROW,8
23,|Horse Racing|,25501,PERTH- R,UK,1
23,|Horse Racing|,25502,POINT TO POINTERS,ROW,8
23,|Horse Racing|,25503,POWERSTOWN PARK,ROW,8
23,|Horse Racing|,25504,PUNCHESTOWN- R,IRE,1
23,|Horse Racing|,25505,QUAKERSTOWN,ROW,8
23,|Horse Racing|,25506,QUIN,ROW,8
23,|Horse Racing|,25507,RATHCANNON,ROW,8
23,|Horse Racing|,25508,RATHMORRISSEY,ROW,8
23,|Horse Racing|,25509,RATHNESTIN,ROW,8
23,|Horse Racing|,25510,RATHNURE,ROW,8
23,|Horse Racing|,25511,ROCHESTOWN,ROW,8
23,|Horse Racing|,25512,ROCKFIELD,ROW,8
23,|Horse Racing|,25513,ROSCOMMON- R,IRE,1
23,|Horse Racing|,25514,ROSSAHILLY,ROW,8
23,|Horse Racing|,25515,SANDOWN- R,ROW,8
23,|Horse Racing|,25516,SANDYFORD,ROW,8
23,|Horse Racing|,25517,SCARIFF,ROW,8
23,|Horse Racing|,25518,SKIBBEREEN,ROW,8
23,|Horse Racing|,25519,SLANEMORE,ROW,8
23,|Horse Racing|,25520,SLIGO- R,IRE,1
23,|Horse Racing|,25521,SOUTHWELL- R,UK,1
23,|Horse Racing|,25522,SPAMOUNT,ROW,8
23,|Horse Racing|,25523,SPEENOGUE,ROW,8
23,|Horse Racing|,25524,STEWARTSTOWN,ROW,8
23,|Horse Racing|,25525,STRADBALLY,ROW,8
23,|Horse Racing|,25526,STRANOCUM,ROW,8
23,|Horse Racing|,25527,STRATFORD- R,UK,1
23,|Horse Racing|,25528,SUMMERHILL,ROW,8
23,|Horse Racing|,25529,TALLANSTOWN,ROW,8
23,|Horse Racing|,25530,TALLOW,ROW,8
23,|Horse Racing|,25531,TATTERSALLS FARM,ROW,8
23,|Horse Racing|,25532,TAYLORSTOWN,ROW,8
23,|Horse Racing|,25533,TEST,ROW,8
23,|Horse Racing|,25534,THE PIGEONS,ROW,8
23,|Horse Racing|,25535,THURLES- R,IRE,1
23,|Horse Racing|,25536,TINAHELY,ROW,8
23,|Horse Racing|,25537,TIPPERARY- R,IRE,1
23,|Horse Racing|,25538,TOOMEBRIDGE,ROW,8
23,|Horse Racing|,25539,TRALEE- R,ROW,8
23,|Horse Racing|,25540,TRAMORE- R,IRE,1
23,|Horse Racing|,25541,TUAM,ROW,8
23,|Horse Racing|,25542,TYRELLA,ROW,8
23,|Horse Racing|,25543,WEST CURRAGH-NAUL,ROW,8
23,|Horse Racing|,25544,WEXFORD- R,IRE,1
23,|Horse Racing|,27072,LOUISIANA DN,US3,5
23,|Horse Racing|,27335,DARWIN,ROW,8
23,|Horse Racing|,27336,CARNARVON,ROW,8
23,|Horse Racing|,27337,TOOWOOMBA CUSHION,ROW,8
23,|Horse Racing|,27338,KALGOORLIE,ROW,8
23,|Horse Racing|,27547,COLONIAL DWN,ROW,8
23,|Horse Racing|,27980,PAEROA,ROW,8
23,|Horse Racing|,28428,SANTA ANITA.,US1,3
23,|Horse Racing|,28531,PHILADELPHIA PARK,US1,3
23,|Horse Racing|,28740,MONMOUTH PARK,US1,3
23,|Horse Racing|,29072,DELAWARE PARK***,US2,4
23,|Horse Racing|,29696,FAIR HILLS,US3,5
23,|Horse Racing|,29959,MEADOWLANDS,US3,5
23,|Horse Racing|,29960,TURF PARADISE,US3,5
23,|Horse Racing|,30658,GOLDEN GATE FIELDS,US2,4
23,|Horse Racing|,31317,SAM HOUSTON,US3,5
23,|Horse Racing|,31322,BEULAH PARK,ROW,8
23,|Horse Racing|,31365,VILLACIDRO,ROW,8
23,|Horse Racing|,31507,CAGNES MIDI,FRA,2
23,|Horse Racing|,32659,ALICE SPRINGS,ROW,8
23,|Horse Racing|,32700,WILL ROGERS DOWNS,US3,5
23,|Horse Racing|,32720,Will Rogers Downs,US3,5
23,|Horse Racing|,32843,Sandown AU,ROW,8
23,|Horse Racing|,32844,Gawler,ROW,8
23,|Horse Racing|,33192,Prairie Meadows,US3,5
23,|Horse Racing|,33194,PRAIRIE MEADOWS,US3,5
23,|Horse Racing|,33315,Epsom Downs,UK,1
23,|Horse Racing|,33316,Echuca,ROW,8
23,|Horse Racing|,33506,TAMPA BAY DOWNS,US2,4
23,|Horse Racing|,33507,FAIRMOUNT PARK,US3,5
23,|Horse Racing|,33526,Tampa Bay Downs,US2,4
23,|Horse Racing|,33676,THISTLEDOWN,US2,4
23,|Horse Racing|,33741,WAGGA,ROW,8
23,|Horse Racing|,33744,SUFFOLK DOWNS,US3,5
23,|Horse Racing|,33770,LE CROISE,FRA,2
23,|Horse Racing|,33935,FAIRMOUNT,US3,5
23,|Horse Racing|,34038,FORBURY PARK,ROW,8
23,|Horse Racing|,34080,MELTON,ROW,8
23,|Horse Racing|,34247,BELTERRA PARK,US3,5
23,|Horse Racing|,34268,NEWCASTLE AU,ROW,8
23,|Horse Racing|,34313,BROOME,ROW,8
23,|Horse Racing|,34335,CRANBOURNE,ROW,8
23,|Horse Racing|,35155,MILDURA,ROW,8
23,|Horse Racing|,35228,RANDWICK,ROW,8
23,|Horse Racing|,35303,LION D'ANGER***,FRA,2
23,|Horse Racing|,35430,HORSE EXTRA,ROW,8
23,|Horse Racing|,35736,OOSTENDE,ROW,8
23,|Horse Racing|,35804,M'PHETTVILLE,ROW,8
23,|Horse Racing|,35865,PT HEDLAND,ROW,8
23,|Horse Racing|,35869,BENDIGO,ROW,8
23,|Horse Racing|,35892,IPSWICH,ROW,8
23,|Horse Racing|,35894,CAIRNS,ROW,8
23,|Horse Racing|,35915,LAUNCESTON,ROW,8
23,|Horse Racing|,35916,SWAN HILL,ROW,8
23,|Horse Racing|,35918,MACKAY,ROW,8
23,|Horse Racing|,35920,KILMORE,ROW,8
23,|Horse Racing|,35921,STRATHALBYN,ROW,8
23,|Horse Racing|,35923,ALBURY,ROW,8
23,|Horse Racing|,35925,MORNINGTON,ROW,8
23,|Horse Racing|,35967,HOBART,ROW,8
23,|Horse Racing|,35968,GOULBURN,ROW,8
23,|Horse Racing|,36031,INDIANA GRAND,US3,5
23,|Horse Racing|,36032,HAWKESBURY,ROW,8
23,|Horse Racing|,36033,SEYMOUR,ROW,8
23,|Horse Racing|,36055,TOWNSVILLE,ROW,8
23,|Horse Racing|,36595,WARWICK FARM,ROW,8
23,|Horse Racing|,36617,GOSFORD,ROW,8
23,|Horse Racing|,36627,SCONE,ROW,8
23,|Horse Racing|,36630,LAS PIEDRAS,ROW,8
23,|Horse Racing|,36945,WODONGA,ROW,8
23,|Horse Racing|,36947,WAREGEM,ROW,8
23,|Horse Racing|,36988,BALAKLAVA,ROW,8
23,|Horse Racing|,36991,WYONG,ROW,8
23,|Horse Racing|,37013,WARRNAMBOOL,ROW,8
23,|Horse Racing|,37014,QUEANBEYAN,ROW,8
23,|Horse Racing|,37016,PORT MC'ARIE,ROW,8
23,|Horse Racing|,37017,TATURA,ROW,8
23,|Horse Racing|,37061,BALLINA,ROW,8
23,|Horse Racing|,37103,FONTAINBLEAU,FRA,2
23,|Horse Racing|,37118,ARLINGTON(SA),SA,7
23,|Horse Racing|,37144,DONALD,ROW,8
23,|Horse Racing|,37145,NOWRA,ROW,8
23,|Horse Racing|,37192,ARARAT,ROW,8
23,|Horse Racing|,37193,GRAFTON,ROW,8
23,|Horse Racing|,37194,z**BELMONT,US1,3
23,|Horse Racing|,37196,BELMONT,US1,3
23,|Horse Racing|,37295,COFF HARBOUR,ROW,8
23,|Horse Racing|,37297,KYNETON,ROW,8
23,|Horse Racing|,37298,WELLINGTON,ROW,8
23,|Horse Racing|,37300,MURRAY B'DGE,ROW,8
23,|Horse Racing|,37342,PORT LINCOLN,ROW,8
23,|Horse Racing|,37343,LISMORE,ROW,8
23,|Horse Racing|,37367,ZIA PARK,US3,5
23,|Horse Racing|,37368,CALDER RACE COURSE,ROW,8
23,|Horse Racing|,37369,GULFSTREAM PARK WEST,US2,4
23,|Horse Racing|,37623,CESSNOCK,ROW,8
23,|Horse Racing|,38093,SALE,ROW,8
23,|Horse Racing|,38094,MT GAMBIER,ROW,8
23,|Horse Racing|,38117,ORANGE,ROW,8
23,|Horse Racing|,38118,ROCKHAMPTON,ROW,8
23,|Horse Racing|,38120,KELLERBERRIN,ROW,8
23,|Horse Racing|,38986,MOONEE VALLEY,ROW,8
23,|Horse Racing|,39043,SHEPPARTON,ROW,8
23,|Horse Racing|,39269,KEMBLA G'NGE,ROW,8
23,|Horse Racing|,39663,DELTA DOWNS,US3,5
23,|Horse Racing|,39690,FAIR GROUNDS,US2,4
23,|Horse Racing|,39691,FAIR MEADOWS,US3,5
23,|Horse Racing|,39692,INDIANA GRAND RACE COURSE,US3,5
23,|Horse Racing|,39693,KENTUCKY DOWNS,US2,4
23,|Horse Racing|,39694,OAKLAND PARK,ROW,8
23,|Horse Racing|,39719,MAHONING VALLEY,US2,4
23,|Horse Racing|,39720,PORTLAND MEADOWS,US3,5
23,|Horse Racing|,39729,CHARLES TOWN,US3,5
23,|Horse Racing|,39731,BLOEMFONTEIN,SA,7
23,|Horse Racing|,39732,KIMBERLEY,ROW,8
23,|Horse Racing|,39733,GOSFORTH PARK,ROW,8
23,|Horse Racing|,39739,SHA TIN,ROW,8
23,|Horse Racing|,39758,MOUNT BARKER,ROW,8
23,|Horse Racing|,39885,PENN NATIONAL,US3,5
23,|Horse Racing|,39886,PRESQUE ISLE DOWNS,US3,5
23,|Horse Racing|,39905,TERANG,ROW,8
23,|Horse Racing|,39906,LE MANS,FRA,2
23,|Horse Racing|,39920,BORROWDALE,ROW,8
23,|Horse Racing|,39921,MILNERTON,ROW,8
23,|Horse Racing|,39931,ESPERANCE,ROW,8
23,|Horse Racing|,39932,PORNICHET ,FRA,2
23,|Horse Racing|,40631,TRANSVAAL,ROW,8
23,|Horse Racing|,40648,LOS ALAMITOS,US2,4
23,|Horse Racing|,40651,DOOMBEN,ROW,8
23,|Horse Racing|,40655,MAHONING V',ROW,8
23,|Horse Racing|,40872,WANGARATTA,ROW,8
23,|Horse Racing|,40904,MAITLAND,ROW,8
23,|Horse Racing|,40906,GLOUCEST' PK,ROW,8
23,|Horse Racing|,40909,zCHELMSFORD,UK,1
23,|Horse Racing|,41023,ADANA,ROW,8
23,|Horse Racing|,41038,TEMORA,ROW,8
23,|Horse Racing|,41051,TARBES,ROW,8
23,|Horse Racing|,41052,CAMBRIDGE,ROW,8
23,|Horse Racing|,41053,BURNIE,ROW,8
23,|Horse Racing|,41211,SAM HOUSTON RACE PARK,US3,5
23,|Horse Racing|,41242,DEVONPORT,ROW,8
23,|Horse Racing|,41287,LEETON,ROW,8
23,|Horse Racing|,41664,MONT DE MAR',FRA,2
23,|Horse Racing|,42117,LOUISIANA DOWNS,US3,5
23,|Horse Racing|,42573,DOHA,ROW,8
23,|Horse Racing|,42623,B'MONT DE L',FRA,2
23,|Horse Racing|,42624,CAVAILLON,FRA,2
23,|Horse Racing|,42630,C'TLLY MIDI,FRA,2
23,|Horse Racing|,42631,GRAIGNES,FRA,2
23,|Horse Racing|,42632,LAVAL,FRA,2
23,|Horse Racing|,42633,LISIEUX,FRA,2
23,|Horse Racing|,42696,LYON-LA SOIE,FRA,2
23,|Horse Racing|,42698,MARSEILLEV,FRA,2
23,|Horse Racing|,42699,MAURE DE B',FRA,2
23,|Horse Racing|,42700,MESLAY DU M',FRA,2
23,|Horse Racing|,42703,MONT ST MIC',FRA,2
23,|Horse Racing|,42704,MOULINS,FRA,2
23,|Horse Racing|,42705,NANTES,FRA,2
23,|Horse Racing|,42707,PONTCHATEAU,FRA,2
23,|Horse Racing|,42708,REIMS,FRA,2
23,|Horse Racing|,42709,SABLES D'OL',FRA,2
23,|Horse Racing|,42710,SAINT-BRIEUC,FRA,2
23,|Horse Racing|,42711,SAINT-GALM',FRA,2
23,|Horse Racing|,42712,PORNICHET,FRA,2
23,|Horse Racing|,42713,BAD DOBERAN,ROW,8
23,|Horse Racing|,42714,BAD HARZBURG,ROW,8
23,|Horse Racing|,42715,BILLIGHEIM,ROW,8
23,|Horse Racing|,42716,BLIESKASTEL,ROW,8
23,|Horse Racing|,42717,CUXHAVEN,ROW,8
23,|Horse Racing|,42718,ERBACH,ROW,8
23,|Horse Racing|,42719,GELSENKIRCHN,ROW,8
23,|Horse Racing|,42720,GOTHA,ROW,8
23,|Horse Racing|,42721,HALLE,ROW,8
23,|Horse Racing|,42725,HASSLOCH,ROW,8
23,|Horse Racing|,42726,HOOKSIEL,ROW,8
23,|Horse Racing|,42728,KARLSRUHE,ROW,8
23,|Horse Racing|,42729,LEBACH,FRA,2
23,|Horse Racing|,42731,MANNHEIM,ROW,8
23,|Horse Racing|,42732,MIESAU,ROW,8
23,|Horse Racing|,42733,QUAKENBRUCK,ROW,8
23,|Horse Racing|,42734,SAARBRUCKEN,ROW,8
23,|Horse Racing|,42735,VERDEN,ROW,8
23,|Horse Racing|,42738,WARENDORF,ROW,8
23,|Horse Racing|,42739,ATLANTIC CTY,ROW,8
23,|Horse Racing|,42740,BAY MEADOWS,ROW,8
23,|Horse Racing|,42741,GSTREAM PK W,US2,4
23,|Horse Racing|,42742,DOC JAMES,ROW,8
23,|Horse Racing|,42743,ELLIS PARK,US3,5
23,|Horse Racing|,42744,EMERALD DWNS,US3,5
23,|Horse Racing|,42745,EVANGELINE,US3,5
23,|Horse Racing|,42746,FONNER PARK,ROW,8
23,|Horse Racing|,42747,GARDEN STATE,ROW,8
23,|Horse Racing|,42748,GOLDEN GATE,US2,4
23,|Horse Racing|,42749,GREAT LAKES,ROW,8
23,|Horse Racing|,42750,HAZEL PARK,US3,5
23,|Horse Racing|,42752,HIALEAH,ROW,8
23,|Horse Racing|,42753,HOLLYWOOD PK,US3,5
23,|Horse Racing|,42754,N.CALF.FAIRY,ROW,8
23,|Horse Racing|,42755,OAKLAWN,ROW,8
23,|Horse Racing|,42756,PENN NATIONL,US3,5
23,|Horse Racing|,42757,REMINGTON,US3,5
23,|Horse Racing|,42800,RETAMA PARK,US3,5
23,|Horse Racing|,42801,RIBBON DOWNS,US3,5
23,|Horse Racing|,42802,ROCKINGHAM,ROW,8
23,|Horse Racing|,42803,SPORTSMAN'S,ROW,8
23,|Horse Racing|,42804,ADDINGTON,ROW,8
23,|Horse Racing|,42805,ALEXANDRA PK,ROW,8
23,|Horse Racing|,42806,BAIRNSDALE,ROW,8
23,|Horse Racing|,42807,BENALLA,ROW,8
23,|Horse Racing|,42808,CASINO,ROW,8
23,|Horse Racing|,42809,CHARLTON,ROW,8
23,|Horse Racing|,42810,COONABARB',ROW,8
23,|Horse Racing|,42811,COONAMBLE,ROW,8
23,|Horse Racing|,42812,COOTAMUNDRA,ROW,8
23,|Horse Racing|,42814,EAGLE FARM,ROW,8
23,|Horse Racing|,42815,ECHUCA,ROW,8
23,|Horse Racing|,42816,EUGOWRA,ROW,8
23,|Horse Racing|,42817,GAWLER,ROW,8
23,|Horse Racing|,42818,GUNDAGAI,ROW,8
23,|Horse Racing|,42819,HALIDON,ROW,8
23,|Horse Racing|,42820,HAMILTON AU,ROW,8
23,|Horse Racing|,42821,HASTINGS,ROW,8
23,|Horse Racing|,42822,HORSHAM,ROW,8
23,|Horse Racing|,42823,MARYBOROUGH,ROW,8
23,|Horse Racing|,42824,MOE,ROW,8
23,|Horse Racing|,42825,M'NEE VALLEY,ROW,8
23,|Horse Racing|,42826,MURTOA,ROW,8
23,|Horse Racing|,42827,MURWILLUMBAH,ROW,8
23,|Horse Racing|,42828,MUSWELLBROOK,ROW,8
23,|Horse Racing|,42829,NARACOORTE,ROW,8
23,|Horse Racing|,42830,NYAH,ROW,8
23,|Horse Racing|,42831,OAKBANK,ROW,8
23,|Horse Racing|,42833,PAKENHAM,ROW,8
23,|Horse Racing|,42835,PENOLA,ROW,8
23,|Horse Racing|,42836,PORT AUGUSTA,ROW,8
23,|Horse Racing|,42837,PORT HEDLAND,ROW,8
23,|Horse Racing|,42838,ROEBOURNE,ROW,8
23,|Horse Racing|,42839,ST ARNAUD,ROW,8
23,|Horse Racing|,42987,STAWELL,ROW,8
23,|Horse Racing|,42988,SUNSHINE C'T,ROW,8
23,|Horse Racing|,42989,VICTORIA PK,ROW,8
23,|Horse Racing|,42990,WAGIN,ROW,8
23,|Horse Racing|,42991,WARRACKNAB',ROW,8
23,|Horse Racing|,42992,WARRAGUL,ROW,8
23,|Horse Racing|,42993,WEERIBEE,ROW,8
23,|Horse Racing|,42995,WOODVILLE,ROW,8
23,|Horse Racing|,42996,YARRA VALLEY,ROW,8
23,|Horse Racing|,42997,HAPPY VALLEY,ROW,8
23,|Horse Racing|,42998,MACAU,ROW,8
23,|Horse Racing|,43226,OAKLAWN PARK,US2,4
23,|Horse Racing|,43237,MANAWATU,ROW,8
23,|Horse Racing|,43307,GATTON,ROW,8
23,|Horse Racing|,43362,JAGERSRO,ROW,8
23,|Horse Racing|,43367,LION DANGER,FRA,2
23,|Horse Racing|,43407,TOURS,FRA,2
23,|Horse Racing|,43420,ALISON,ROW,8
23,|Horse Racing|,43421,DOS HERMANAS,ROW,8
23,|Horse Racing|,43422,DUBAI,UAE,6
23,|Horse Racing|,43423,FLORENCE,ROW,8
23,|Horse Racing|,43424,GARTHORPE,ROW,8
23,|Horse Racing|,43425,GROSSETO,ROW,8
23,|Horse Racing|,43426,HONG KONG,ROW,8
23,|Horse Racing|,43427,KINGSTON,ROW,8
23,|Horse Racing|,43428,KYOTO,ROW,8
23,|Horse Racing|,43429,LA BAULE,FRA,2
23,|Horse Racing|,43430,LASARTE,ROW,8
23,|Horse Racing|,43431,MILAN,ROW,8
23,|Horse Racing|,43432,NAKAYAMA,ROW,8
23,|Horse Racing|,43433,NAPLES,ROW,8
23,|Horse Racing|,43434,PISA,ROW,8
23,|Horse Racing|,43435,ROME,ROW,8
23,|Horse Racing|,43436,SALON DE PR,FRA,2
23,|Horse Racing|,43437,SINGAPORE,ROW,8
23,|Horse Racing|,43438,TURIN,ROW,8
23,|Horse Racing|,43439,VARESE,ROW,8
23,|Horse Racing|,43445,CAGNES-SUR-MER,FRA,2
23,|Horse Racing|,43683,OSTENDE,ROW,8
23,|Horse Racing|,44002,CASABLANCA,ROW,8
23,|Horse Racing|,44088,MERANO,ROW,8
23,|Horse Racing|,44116,ARMIDALE,ROW,8
23,|Horse Racing|,44292,HONZRATH,ROW,8
23,|Horse Racing|,44293,LEIPZIG,ROW,8
23,|Horse Racing|,44294,BEAUDESART,ROW,8
23,|Horse Racing|,44295,FAIRFIELD,ROW,8
23,|Horse Racing|,44450,AQUEDUCT.,US1,3
23,|Horse Racing|,44451,BELMONT PARK.,US1,3
23,|Horse Racing|,44452,FINGER LAKES.,US1,3
23,|Horse Racing|,44453,GULFSTREAM.,US1,3
23,|Horse Racing|,44454,LAUREL PARK.,US2,4
23,|Horse Racing|,44455,MAHONING VALLEY.,ROW,8
23,|Horse Racing|,44456,TAMPA BAY.,US2,4
23,|Horse Racing|,44457,SARATOGA.,US1,3
23,|Horse Racing|,44458,TURF PARADISE.,US3,5
23,|Horse Racing|,44459,WOODBINE.,US2,4
23,|Horse Racing|,44536,CONCEPCION,ROW,8
23,|Horse Racing|,44699,SAM HOUSTON.,US3,5
23,|Horse Racing|,44767,ALBUQUERQUE,US3,5
23,|Horse Racing|,44772,ASCOT (AU),ROW,8
23,|Horse Racing|,44773,SAINT-MORITZ,ROW,8
23,|Horse Racing|,44778,ARAPAHOE,ROW,8
23,|Horse Racing|,44779,ASSINIBOIA,ROW,8
23,|Horse Racing|,44780,CANTERBURY PARK,ROW,8
23,|Horse Racing|,44781,MOUNTAINEER,US3,5
23,|Horse Racing|,44782,NORTHLANDS PARK,ROW,8
23,|Horse Racing|,44783,RUIDOSO DOWNS,US3,5
23,|Horse Racing|,44784,SUNRAY PARK,US3,5
23,|Horse Racing|,44785,BANGALORE,ROW,8
23,|Horse Racing|,44786,HYDERABAD,ROW,8
23,|Horse Racing|,44787,KOLKATA,ROW,8
23,|Horse Racing|,44788,MUMBAI,ROW,8
23,|Horse Racing|,44789,PUNE,ROW,8
23,|Horse Racing|,44893,WILL ROGERS.,US3,5
23,|Horse Racing|,45019,COBRAM,ROW,8
23,|Horse Racing|,45072,CHOLET,ROW,8
23,|Horse Racing|,45163,PERCY WARNER,ROW,8
23,|Horse Racing|,45205,PRESQUE ISLE DOWNS.,US3,5
23,|Horse Racing|,45239,ALBUQUERQUE.,US3,5
23,|Horse Racing|,45240,ARAPAHOE.,ROW,8
23,|Horse Racing|,45241,ASSINIBOIA.,ROW,8
23,|Horse Racing|,45242,CANTERBURY PARK.,ROW,8
23,|Horse Racing|,45243,ELLIS PARK.,ROW,8
23,|Horse Racing|,45244,EMERALD DOWNS.,US3,5
23,|Horse Racing|,45246,EVANGELINE.,US3,5
23,|Horse Racing|,45247,FONNER PARK.,ROW,8
23,|Horse Racing|,45248,HAZEL PARK.,US3,5
23,|Horse Racing|,45249,LONE STAR.,US3,5
23,|Horse Racing|,45250,LOS ALAMITOS.,ROW,8
23,|Horse Racing|,45251,MOUNTAINEER.,US3,5
23,|Horse Racing|,45252,NORTHLANDS PARK.,ROW,8
23,|Horse Racing|,45253,REMINGTON PARK.,US3,5
23,|Horse Racing|,45254,RETAMA PARK.,US3,5
23,|Horse Racing|,45255,RUIDOSO DOWNS.,US3,5
23,|Horse Racing|,45256,SUNRAY PARK.,ROW,8
23,|Horse Racing|,45441,LONE STAR,US3,5
23,|Horse Racing|,45455,EVANGELINE DOWNS,US3,5
23,|Horse Racing|,45460,DELAWARE PK,US2,4
23,|Horse Racing|,45482,SASSARI,ROW,8
23,|Horse Racing|,45703,FLAMINGO PARK,SA,7
23,|Horse Racing|,45708,BRO PARK,ROW,8
23,|Horse Racing|,45709,SOLVALLA,ROW,8
23,|Horse Racing|,45793,SON PARDO,ROW,8
23,|Horse Racing|,45974,ABY,ROW,8
23,|Horse Racing|,45975,AMAL,ROW,8
23,|Horse Racing|,45976,DANNERO,ROW,8
23,|Horse Racing|,45977,AXEVALLA,ROW,8
23,|Horse Racing|,45978,STROMSHOLM,ROW,8
23,|Horse Racing|,45979,BERGSAKER,ROW,8
23,|Horse Racing|,45980,RATTVIK,ROW,8
23,|Horse Racing|,45981,FARJESTAD,ROW,8
23,|Horse Racing|,45982,HALMSTAD,ROW,8
23,|Horse Racing|,45996,KALMAR,ROW,8
23,|Horse Racing|,45997,ROMME,ROW,8
23,|Horse Racing|,45998,MANTORP,ROW,8
23,|Horse Racing|,46000,UMEA,ROW,8
23,|Horse Racing|,46001,ESKILSTUNA,ROW,8
23,|Horse Racing|,46002,TINGSRYD,ROW,8
23,|Horse Racing|,46003,VISBY,ROW,8
23,|Horse Racing|,46004,OREBRO,ROW,8
23,|Horse Racing|,46005,OSTERUND,ROW,8
23,|Horse Racing|,46006,GAVLE,ROW,8
23,|Horse Racing|,46007,GOTEBORG,ROW,8
23,|Horse Racing|,46042,BOLLNAS,ROW,8
23,|Horse Racing|,46043,BODEN,ROW,8
23,|Horse Racing|,46095,MONTERRICO,ROW,8
23,|Horse Racing|,46153,TURFWAY PARK,US3,5
23,|Horse Racing|,46235,MYSORE,ROW,8
23,|Horse Racing|,46236,DELHI,ROW,8
23,|Horse Racing|,46237,CHENNAI,ROW,8
23,|Horse Racing|,46789,ARJANG,ROW,8
23,|Horse Racing|,46790,ARVIKA,ROW,8
23,|Horse Racing|,46791,HAGMYREN,ROW,8
23,|Horse Racing|,46792,KARLSHAMN,ROW,8
23,|Horse Racing|,46793,LINDESBERG,ROW,8
23,|Horse Racing|,46794,LYCKSELE,ROW,8
23,|Horse Racing|,46795,OSTERSUND,ROW,8
23,|Horse Racing|,46796,OVIKEN,ROW,8
23,|Horse Racing|,46797,SKELLEFTEA,ROW,8
23,|Horse Racing|,46798,SOLANGET,ROW,8
23,|Horse Racing|,46799,UMAKER,ROW,8
23,|Horse Racing|,46800,VAGGERYD,ROW,8
23,|Horse Racing|,46840,ADELAIDE RIVER (AUS),ROW,8
23,|Horse Racing|,46841,ALBANY (AUS),ROW,8
23,|Horse Racing|,46842,ALBURY (AUS),ROW,8
23,|Horse Racing|,46843,ALEXANDRA (AUS),ROW,8
23,|Horse Racing|,46844,ALICE SPRINGS (AUS),ROW,8
23,|Horse Racing|,46845,ALMADEN (AUS),ROW,8
23,|Horse Racing|,46846,ALPHA (AUS),ROW,8
23,|Horse Racing|,46847,ARAMAC (AUS),ROW,8
23,|Horse Racing|,46848,ARARAT (AUS),ROW,8
23,|Horse Racing|,46849,ARMIDALE (AUS),ROW,8
23,|Horse Racing|,46850,ARRILALAH (AUS),ROW,8
23,|Horse Racing|,46851,ASCOT (AUS),ROW,8
23,|Horse Racing|,46852,ASCOT PARK (NZ),ROW,8
23,|Horse Racing|,46853,ASHBURTON (NZ),ROW,8
23,|Horse Racing|,46854,AUGATHELLA (AUS),ROW,8
23,|Horse Racing|,46855,AVONDALE (NZ),ROW,8
23,|Horse Racing|,46856,AWAPUNI (NZ),ROW,8
23,|Horse Racing|,46857,BAIRNSDALE (AUS),ROW,8
23,|Horse Racing|,46858,BALAKLAVA (AUS),ROW,8
23,|Horse Racing|,46859,BALLARAT (AUS),ROW,8
23,|Horse Racing|,46860,BALLINA (AUS),ROW,8
23,|Horse Racing|,46861,BALNARRING (AUS),ROW,8
23,|Horse Racing|,46862,BANANA (AUS),ROW,8
23,|Horse Racing|,46863,BARROW CREEK (AUS),ROW,8
23,|Horse Racing|,46864,BATHURST (AUS),ROW,8
23,|Horse Racing|,46865,BEAUDESERT (AUS),ROW,8
23,|Horse Racing|,46866,BELL (AUS),ROW,8
23,|Horse Racing|,46867,BELMONT (AUS),ROW,8
23,|Horse Racing|,46868,BELTANA (AUS),ROW,8
23,|Horse Racing|,46869,BENALLA (AUS),ROW,8
23,|Horse Racing|,46870,BENDIGO (AUS),ROW,8
23,|Horse Racing|,46871,BERRI (AUS),ROW,8
23,|Horse Racing|,46872,BINGARA (AUS),ROW,8
23,|Horse Racing|,46873,BIRDSVILLE (AUS),ROW,8
23,|Horse Racing|,46874,BLACKWATER (AUS),ROW,8
23,|Horse Racing|,46875,BLENHEIM (NZ),ROW,8
23,|Horse Racing|,46876,BONG BONG (AUS),ROW,8
23,|Horse Racing|,46877,BORDERTOWN (AUS),ROW,8
23,|Horse Racing|,46878,BOURKE (AUS),ROW,8
23,|Horse Racing|,46879,BOWEN RIVER (AUS),ROW,8
23,|Horse Racing|,46880,BOWRAVILLE (AUS),ROW,8
23,|Horse Racing|,46881,BROOME (AUS),ROW,8
23,|Horse Racing|,46882,BUCHAN (AUS),ROW,8
23,|Horse Racing|,46883,BUNBURY (AUS),ROW,8
23,|Horse Racing|,46884,BUNDABERG (AUS),ROW,8
23,|Horse Racing|,46885,BUNGENDORE (AUS),ROW,8
23,|Horse Racing|,46886,BURKETOWN (AUS),ROW,8
23,|Horse Racing|,46887,BURRUMBEET (AUS),ROW,8
23,|Horse Racing|,46888,CAIRNS (AUS),ROW,8
23,|Horse Racing|,46889,CALLIOPE (AUS),ROW,8
23,|Horse Racing|,46890,CAMBOON (AUS),ROW,8
23,|Horse Racing|,46891,CAMPBELLTOWN (AUS),ROW,8
23,|Horse Racing|,46892,CAMPERDOWN (AUS),ROW,8
23,|Horse Racing|,46893,CANBERRA (AUS),ROW,8
23,|Horse Racing|,46894,CANTERBURY (AUS),ROW,8
23,|Horse Racing|,46895,CAPELLA (AUS),ROW,8
23,|Horse Racing|,46896,CARNARVON (AUS),ROW,8
23,|Horse Racing|,46897,CASINO (AUS),ROW,8
23,|Horse Racing|,46898,CASTERTON (AUS),ROW,8
23,|Horse Racing|,46899,CAULFIELD (AUS),ROW,8
23,|Horse Racing|,46900,CESSNOCK (AUS),ROW,8
23,|Horse Racing|,46901,CHILLAGOE (AUS),ROW,8
23,|Horse Racing|,46902,CLARE (AUS),ROW,8
23,|Horse Racing|,46903,COEN (AUS),ROW,8
23,|Horse Racing|,46904,COFFS HARBOUR (AUS),ROW,8
23,|Horse Racing|,46905,COLAC (AUS),ROW,8
23,|Horse Racing|,46906,COLERAINE (AUS),ROW,8
23,|Horse Racing|,46907,COLLINSVILLE (AUS),ROW,8
23,|Horse Racing|,46908,COOLABAH (AUS),ROW,8
23,|Horse Racing|,46909,COOMA (AUS),ROW,8
23,|Horse Racing|,46910,COONABARABRAN (AUS),ROW,8
23,|Horse Racing|,46911,COONAMBLE (AUS),ROW,8
23,|Horse Racing|,46912,COOTAMUNDRA (AUS),ROW,8
23,|Horse Racing|,46913,COROWA (AUS),ROW,8
23,|Horse Racing|,46914,COWRA (AUS),ROW,8
23,|Horse Racing|,46915,CRANBOURNE (AUS),ROW,8
23,|Horse Racing|,46916,CROMWELL (NZ),ROW,8
23,|Horse Racing|,46917,CROOKWELL (AUS),ROW,8
23,|Horse Racing|,46918,CUE (AUS),ROW,8
23,|Horse Racing|,46919,DALBY (AUS),ROW,8
23,|Horse Racing|,46920,DARGAVILLE (NZ),ROW,8
23,|Horse Racing|,46921,DARWIN (AUS),ROW,8
23,|Horse Racing|,46922,DAWSON J.C. (AUS),ROW,8
23,|Horse Racing|,46923,DEAGON (AUS),ROW,8
23,|Horse Racing|,46924,DEDERANG (AUS),ROW,8
23,|Horse Racing|,46925,DELORAINE (AUS),ROW,8
23,|Horse Racing|,46926,DENMAN (AUS),ROW,8
23,|Horse Racing|,46927,DEVONPORT (AUS),ROW,8
23,|Horse Racing|,46928,DONALD (AUS),ROW,8
23,|Horse Racing|,46929,DOOMBEN (AUS),ROW,8
23,|Horse Racing|,46930,DROUIN (AUS),ROW,8
23,|Horse Racing|,46931,DUARINGA (AUS),ROW,8
23,|Horse Racing|,46932,DUBBO (AUS),ROW,8
23,|Horse Racing|,46933,DUNKELD (AUS),ROW,8
23,|Horse Racing|,46934,EAGLE FARM (AUS),ROW,8
23,|Horse Racing|,46935,ECHUCA (AUS),ROW,8
23,|Horse Racing|,46936,EDENHOPE (AUS),ROW,8
23,|Horse Racing|,46937,EIDSVOLD (AUS),ROW,8
23,|Horse Racing|,46938,ELLERSLIE (NZ),ROW,8
23,|Horse Racing|,46939,ELWICK (AUS),ROW,8
23,|Horse Racing|,46940,EPSOM (AUS),ROW,8
23,|Horse Racing|,46941,EROMANGA (AUS),ROW,8
23,|Horse Racing|,46942,ESPERANCE (AUS),ROW,8
23,|Horse Racing|,46943,EXMOUTH (AUS),ROW,8
23,|Horse Racing|,46944,FEILDING-ORIGINAL TR (AUS),ROW,8
23,|Horse Racing|,46945,FLEMINGTON (AUS),ROW,8
23,|Horse Racing|,46946,FORBES (AUS),ROW,8
23,|Horse Racing|,46947,FOXTON (AUS),ROW,8
23,|Horse Racing|,46948,GATTON (AUS),ROW,8
23,|Horse Racing|,46949,GAWLER (AUS),ROW,8
23,|Horse Racing|,46950,GEELONG (AUS),ROW,8
23,|Horse Racing|,46951,GEORGETOWN (AUS),ROW,8
23,|Horse Racing|,46952,GILGANDRA (AUS),ROW,8
23,|Horse Racing|,46953,GISBORNE (AUS),ROW,8
23,|Horse Racing|,46954,GLEN INNES (AUS),ROW,8
23,|Horse Racing|,46955,GOLD COAST (AUS),ROW,8
23,|Horse Racing|,46956,GOOLOOGONG (AUS),ROW,8
23,|Horse Racing|,46957,GOONDIWINDI (AUS),ROW,8
23,|Horse Racing|,46958,GORE (NZ),ROW,8
23,|Horse Racing|,46959,GOSFORD (AUS),ROW,8
23,|Horse Racing|,46960,GOULBURN (AUS),ROW,8
23,|Horse Racing|,46961,GRAFTON (AUS),ROW,8
23,|Horse Racing|,46962,GREAT WESTERN (AUS),ROW,8
23,|Horse Racing|,46963,GULARGAMBONE (AUS),ROW,8
23,|Horse Racing|,46964,GULGONG (AUS),ROW,8
23,|Horse Racing|,46965,GUNBOWER (AUS),ROW,8
23,|Horse Racing|,46966,GUNDAGAI (AUS),ROW,8
23,|Horse Racing|,46967,GUNNEDAH (AUS),ROW,8
23,|Horse Racing|,46968,HALIDON (AUS),ROW,8
23,|Horse Racing|,46969,HALL'S CREEK (AUS),ROW,8
23,|Horse Racing|,46970,HAMILTON (AUS),ROW,8
23,|Horse Racing|,46971,HANGING ROCK (AUS),ROW,8
23,|Horse Racing|,46972,HASTINGS (NZ),ROW,8
23,|Horse Racing|,46973,HAWERA (NZ),ROW,8
23,|Horse Racing|,46974,HAWKER (AUS),ROW,8
23,|Horse Racing|,46975,HAWKESBURY (AUS),ROW,8
23,|Horse Racing|,46976,HAY (AUS),ROW,8
23,|Horse Racing|,46977,HAZELTON (AUS),ROW,8
23,|Horse Racing|,46978,HEALESVILLE (AUS),ROW,8
23,|Horse Racing|,46979,HOBART (AUS),ROW,8
23,|Horse Racing|,46980,HOKITIKA (NZ),ROW,8
23,|Horse Racing|,46981,HOME HILL (AUS),ROW,8
23,|Horse Racing|,46982,HORSHAM (AUS),ROW,8
23,|Horse Racing|,46983,INVERCARGILL (AUS),ROW,8
23,|Horse Racing|,46984,IPSWICH (AUS),ROW,8
23,|Horse Racing|,46985,IRON KNOB (AUS),ROW,8
23,|Horse Racing|,46986,JANDOWAE (AUS),ROW,8
23,|Horse Racing|,46987,JERICHO (AUS),ROW,8
23,|Horse Racing|,46988,KALGOORLIE (AUS),ROW,8
23,|Horse Racing|,46989,KANGAROO ISL (AUS),ROW,8
23,|Horse Racing|,46990,KATANNING (AUS),ROW,8
23,|Horse Racing|,46991,KATHERINE (AUS),ROW,8
23,|Horse Racing|,46992,KEMBLA GRANGE (AUS),ROW,8
23,|Horse Racing|,46993,KEMPSEY (AUS),ROW,8
23,|Horse Racing|,46994,KERANG (AUS),ROW,8
23,|Horse Racing|,46995,KILCOY (AUS),ROW,8
23,|Horse Racing|,46996,KILMORE (AUS),ROW,8
23,|Horse Racing|,46997,KIMBA (AUS),ROW,8
23,|Horse Racing|,46998,KING ISLAND (AUS),ROW,8
23,|Horse Racing|,46999,KRAMBACH (AUS),ROW,8
23,|Horse Racing|,47000,KUMARA (NZ),ROW,8
23,|Horse Racing|,47001,KUROW (NZ),ROW,8
23,|Horse Racing|,47002,KYNETON (AUS),ROW,8
23,|Horse Racing|,47003,KYNUNA (AUS),ROW,8
23,|Horse Racing|,47004,LAKE GRACE (AUS),ROW,8
23,|Horse Racing|,47005,LARK HILL (AUS),ROW,8
23,|Horse Racing|,47006,LAUNCESTON (AUS),ROW,8
23,|Horse Racing|,47007,LAURA S.A. (AUS),ROW,8
23,|Horse Racing|,47008,LEETON (AUS),ROW,8
23,|Horse Racing|,47009,LEVIN (AUS),ROW,8
23,|Horse Racing|,47010,LILAC HILL (AUS),ROW,8
23,|Horse Racing|,47011,LISMORE (AUS),ROW,8
23,|Horse Racing|,47012,LONGFORD (AUS),ROW,8
23,|Horse Racing|,47013,MACKAY (AUS),ROW,8
23,|Horse Racing|,47014,MALLAWA (AUS),ROW,8
23,|Horse Racing|,47015,MANANGATANG (AUS),ROW,8
23,|Horse Racing|,47016,MANSFIELD (AUS),ROW,8
23,|Horse Racing|,47017,MARLBOROUGH (NZ),ROW,8
23,|Horse Racing|,47018,MASTERTON (NZ),ROW,8
23,|Horse Racing|,47019,MATAMATA (NZ),ROW,8
23,|Horse Racing|,47020,MAXWELTON (AUS),ROW,8
23,|Horse Racing|,47021,MELBOURNE TRACK GRP (AUS),ROW,8
23,|Horse Racing|,47022,MERTON (AUS),ROW,8
23,|Horse Racing|,47023,MILDURA (AUS),ROW,8
23,|Horse Racing|,47024,MINGELA (AUS),ROW,8
23,|Horse Racing|,47025,MITCHELL (AUS),ROW,8
23,|Horse Racing|,47026,MOAMA (AUS),ROW,8
23,|Horse Racing|,47027,MOE (AUS),ROW,8
23,|Horse Racing|,47028,MOONEE VALLEY (AUS),ROW,8
23,|Horse Racing|,47029,MOREE (AUS),ROW,8
23,|Horse Racing|,47030,MORNINGTON (AUS),ROW,8
23,|Horse Racing|,47031,MORPHETTVILLE (AUS),ROW,8
23,|Horse Racing|,47032,MORTLAKE (AUS),ROW,8
23,|Horse Racing|,47033,MORUYA (AUS),ROW,8
23,|Horse Racing|,47034,MOTUKARARA (NZ),ROW,8
23,|Horse Racing|,47035,MOUNT GAMBIER (AUS),ROW,8
23,|Horse Racing|,47036,MOWBRAY (AUS),ROW,8
23,|Horse Racing|,47037,MT BARKER (AUS),ROW,8
23,|Horse Racing|,47038,MT PERRY (AUS),ROW,8
23,|Horse Racing|,47039,MUNGERY (AUS),ROW,8
23,|Horse Racing|,47040,MURRAY BRIDGE (AUS),ROW,8
23,|Horse Racing|,47041,MURTOA (AUS),ROW,8
23,|Horse Racing|,47042,MURWILLUMBAH (AUS),ROW,8
23,|Horse Racing|,47043,MUSWELLBROOK (AUS),ROW,8
23,|Horse Racing|,47044,NARACOORTE (AUS),ROW,8
23,|Horse Racing|,47045,NARRANDERA (AUS),ROW,8
23,|Horse Racing|,47046,NARROGIN (AUS),ROW,8
23,|Horse Racing|,47047,NARROMINE (AUS),ROW,8
23,|Horse Racing|,47048,NELIA (AUS),ROW,8
23,|Horse Racing|,47049,NELSON (AUS),ROW,8
23,|Horse Racing|,47050,NEW PLYMOUTH (NZ),ROW,8
23,|Horse Racing|,47051,NEW ZEALAND (NZ),ROW,8
23,|Horse Racing|,47052,NEWCASTLE (AUS),UK,1
23,|Horse Racing|,47053,NHILL (AUS),ROW,8
23,|Horse Racing|,47054,NOCCUNDRA (AUS),ROW,8
23,|Horse Racing|,47055,NORMANTON (AUS),ROW,8
23,|Horse Racing|,47056,NORTHAM (AUS),ROW,8
23,|Horse Racing|,47057,NOWRA (AUS),ROW,8
23,|Horse Racing|,47058,OAKBANK (AUS),ROW,8
23,|Horse Racing|,47059,OAKEY (AUS),ROW,8
23,|Horse Racing|,47060,OAKLANDS (AUS),ROW,8
23,|Horse Racing|,47061,OAKLEY (AUS),ROW,8
23,|Horse Racing|,47062,OAMARU (NZ),ROW,8
23,|Horse Racing|,47063,OMAKAU (NZ),ROW,8
23,|Horse Racing|,47064,OMEO (AUS),ROW,8
23,|Horse Racing|,47065,OMOTO (NZ),ROW,8
23,|Horse Racing|,47066,ONSLOW (AUS),ROW,8
23,|Horse Racing|,47067,ORANGE (AUS),ROW,8
23,|Horse Racing|,47068,ORARI (NZ),ROW,8
23,|Horse Racing|,47069,OTAKI (NZ),ROW,8
23,|Horse Racing|,47070,PAEROA (NZ),ROW,8
23,|Horse Racing|,47071,PAKENHAM (AUS),ROW,8
23,|Horse Racing|,47072,PAMBULA (AUS),ROW,8
23,|Horse Racing|,47073,PARKES (AUS),ROW,8
23,|Horse Racing|,47074,PENOLA (AUS),ROW,8
23,|Horse Racing|,47075,PENSHURST (AUS),ROW,8
23,|Horse Racing|,47076,PENTLAND (AUS),ROW,8
23,|Horse Racing|,47077,PHAR LAP (NZ),ROW,8
23,|Horse Racing|,47078,PHAR LAP RACEWAY (NZ),ROW,8
23,|Horse Racing|,47079,PINE CREEK (AUS),ROW,8
23,|Horse Racing|,47080,PINJARRA (AUS),ROW,8
23,|Horse Racing|,47081,PORT AUGUSTA (AUS),ROW,8
23,|Horse Racing|,47082,PORT HEDLAND (AUS),ROW,8
23,|Horse Racing|,47083,PORT LINCOLN (AUS),ROW,8
23,|Horse Racing|,47084,PORT MACQUARIE (AUS),ROW,8
23,|Horse Racing|,47085,PORT PIRIE (AUS),ROW,8
23,|Horse Racing|,47086,PUKEKOHE (NZ),ROW,8
23,|Horse Racing|,47087,PUKEKOHE PARK (NZ),ROW,8
23,|Horse Racing|,47088,PUKEKURA (NZ),ROW,8
23,|Horse Racing|,47089,QUAMBY (AUS),ROW,8
23,|Horse Racing|,47090,QUEANBEYAN (AUS),ROW,8
23,|Horse Racing|,47091,QUIRINDI (AUS),ROW,8
23,|Horse Racing|,47092,QUORN (AUS),ROW,8
23,|Horse Racing|,47093,RANDWICK (AUS),ROW,8
23,|Horse Racing|,47094,RANGIORA (NZ),ROW,8
23,|Horse Racing|,47095,REEFTON (NZ),ROW,8
23,|Horse Racing|,47096,RICCARTON (NZ),ROW,8
23,|Horse Racing|,47097,RIDGELANDS (AUS),ROW,8
23,|Horse Racing|,47098,RIVERTON (NZ),ROW,8
23,|Horse Racing|,47099,ROCKHAMPTON (AUS),ROW,8
23,|Horse Racing|,47100,ROEBOURNE (AUS),ROW,8
23,|Horse Racing|,47101,ROSEHILL (AUS),ROW,8
23,|Horse Racing|,47102,ROTORUA (NZ),ROW,8
23,|Horse Racing|,47103,RUAKAKA (NZ),ROW,8
23,|Horse Racing|,47104,SALE (AUS),ROW,8
23,|Horse Racing|,47105,SANDOWN (AUS),ROW,8
23,|Horse Racing|,47106,SAPPHIRE COAST (AUS),ROW,8
23,|Horse Racing|,47107,SCONE (AUS),ROW,8
23,|Horse Racing|,47108,SEDAN DIP (AUS),ROW,8
23,|Horse Racing|,47109,SEYMOUR (AUS),ROW,8
23,|Horse Racing|,47110,ST ARNAUD (AUS),ROW,8
23,|Horse Racing|,47111,STAWELL (AUS),ROW,8
23,|Horse Racing|,47112,STONEHENGE (AUS),ROW,8
23,|Horse Racing|,47113,STONY CREEK (AUS),ROW,8
23,|Horse Racing|,47114,STRATFORD (NZ),FRA,2
23,|Horse Racing|,47115,STRATHALBYN (AUS),ROW,8
23,|Horse Racing|,47116,SUNSHINE COAST (AUS),ROW,8
23,|Horse Racing|,47117,SWAN HILL (AUS),ROW,8
23,|Horse Racing|,47118,SWIFTS CREEK (AUS),ROW,8
23,|Horse Racing|,47119,TALWOOD (AUS),ROW,8
23,|Horse Racing|,47120,TAMWORTH (AUS),ROW,8
23,|Horse Racing|,47121,TAPANUI (NZ),ROW,8
23,|Horse Racing|,47122,TARANAKI (NZ),ROW,8
23,|Horse Racing|,47123,TAREE (AUS),ROW,8
23,|Horse Racing|,47124,TATURA (AUS),ROW,8
23,|Horse Racing|,47125,TAUHERENIKAU (NZ),ROW,8
23,|Horse Racing|,47126,TAUPO (NZ),ROW,8
23,|Horse Racing|,47127,TAURANGA (NZ),ROW,8
23,|Horse Racing|,47128,TE AROHA (NZ),ROW,8
23,|Horse Racing|,47129,TE AWAMUTU (NZ),ROW,8
23,|Horse Racing|,47130,TE RAPA (NZ),ROW,8
23,|Horse Racing|,47131,TE TEKO (NZ),ROW,8
23,|Horse Racing|,47132,TERANG (AUS),ROW,8
23,|Horse Racing|,47133,THAMES (NZ),ROW,8
23,|Horse Racing|,47134,THE KENNELS (AUS),ROW,8
23,|Horse Racing|,47135,THEODORE (AUS),ROW,8
23,|Horse Racing|,47136,TIMBER CREEK (AUS),ROW,8
23,|Horse Racing|,47137,TOODYAY (AUS),ROW,8
23,|Horse Racing|,47138,TOOWOOMBA (AUS),ROW,8
23,|Horse Racing|,47139,TOTTENHAM (AUS),ROW,8
23,|Horse Racing|,47140,TOWER HILL (AUS),ROW,8
23,|Horse Racing|,47141,TOWNSVILLE (AUS),ROW,8
23,|Horse Racing|,47142,TOWONG (AUS),ROW,8
23,|Horse Racing|,47143,TRARALGON (AUS),ROW,8
23,|Horse Racing|,47144,TRENTHAM (NZ),ROW,8
23,|Horse Racing|,47145,TRUNDLE (AUS),ROW,8
23,|Horse Racing|,47146,TULLAMORE (AUS),ROW,8
23,|Horse Racing|,47147,TUMBY BAY (AUS),ROW,8
23,|Horse Racing|,47148,TUNCURRY (AUS),ROW,8
23,|Horse Racing|,47149,VICTORIA PARK (AUS),ROW,8
23,|Horse Racing|,47150,WAGGA (AUS),ROW,8
23,|Horse Racing|,47151,WAGGA***** (AUS),ROW,8
23,|Horse Racing|,47152,WAIKOUAITI (NZ),ROW,8
23,|Horse Racing|,47153,WAIMATE (NZ),ROW,8
23,|Horse Racing|,47154,WAIPUKURAU (NZ),ROW,8
23,|Horse Racing|,47155,WAIRIO (NZ),ROW,8
23,|Horse Racing|,47156,WALCHA (AUS),ROW,8
23,|Horse Racing|,47157,WALGETT (AUS),ROW,8
23,|Horse Racing|,47158,WAMBOYNE (AUS),ROW,8
23,|Horse Racing|,47159,WANGANUI (NZ),ROW,8
23,|Horse Racing|,47160,WANGARATTA (AUS),ROW,8
23,|Horse Racing|,47161,WARRACKNABEAL (AUS),ROW,8
23,|Horse Racing|,47162,WARREN (AUS),ROW,8
23,|Horse Racing|,47163,WARRNAMBOOL (AUS),ROW,8
23,|Horse Racing|,47164,WARWICK (AUS),ROW,8
23,|Horse Racing|,47165,WARWICK FARM (AUS),ROW,8
23,|Horse Racing|,47166,WATERLEA (NZ),ROW,8
23,|Horse Racing|,47167,WAVERLEY (NZ),ROW,8
23,|Horse Racing|,47168,WELLINGTON (AUS),ROW,8
23,|Horse Racing|,47169,WERRIBEE (AUS),ROW,8
23,|Horse Racing|,47170,WERRIBEE PARK (AUS),ROW,8
23,|Horse Racing|,47171,WESTPORT (AUS),ROW,8
23,|Horse Racing|,47172,WHYALLA (AUS),ROW,8
23,|Horse Racing|,47173,WILPENA (AUS),ROW,8
23,|Horse Racing|,47174,WILUNA (AUS),ROW,8
23,|Horse Racing|,47175,WINDORAH (AUS),ROW,8
23,|Horse Racing|,47176,WINGATUI (NZ),ROW,8
23,|Horse Racing|,47177,WINTON (NZ),ROW,8
23,|Horse Racing|,47178,WITTENOOM (AUS),ROW,8
23,|Horse Racing|,47179,WODONGA (AUS),ROW,8
23,|Horse Racing|,47180,WOODVILLE (NZ),ROW,8
23,|Horse Racing|,47181,WOOLAMAI (AUS),ROW,8
23,|Horse Racing|,47182,WOWAN (AUS),ROW,8
23,|Horse Racing|,47183,WYANDRA (AUS),ROW,8
23,|Horse Racing|,47184,WYNDHAM (NZ),ROW,8
23,|Horse Racing|,47185,WYONG (AUS),ROW,8
23,|Horse Racing|,47186,YARAKA (AUS),ROW,8
23,|Horse Racing|,47187,YARRA GLEN HUNT CLUB (AUS),ROW,8
23,|Horse Racing|,47188,YARRA VALLEY (AUS),ROW,8
23,|Horse Racing|,47189,YASS (AUS),ROW,8
23,|Horse Racing|,47190,YEA (AUS),ROW,8
23,|Horse Racing|,47191,YORK (AUS),ROW,8
23,|Horse Racing|,47208,OOTY,ROW,8
23,|Horse Racing|,47312,ANTE POST,ROW,8
23,|Horse Racing|,47401,HASTINGS RACECOURSE,ROW,8
23,|Horse Racing|,47498,OAK TREE AT PLEASANTON,US3,5
23,|Horse Racing|,47566,LOS ALAMITOS RACECOURSE,ROW,8
23,|Horse Racing|,47593,SACRAMENTO,US3,5
23,|Horse Racing|,47798,STRATFORD.,UK,1
23,|Horse Racing|,47830,FERNDALE,ROW,8
23,|Horse Racing|,47917,TRP EXTRA,ROW,8
23,|Horse Racing|,48030,FRESNO,US3,5
23,|Horse Racing|,48117,MOONEE VALL',ROW,8
23,|Horse Racing|,48152,FONTAINEBLE',FRA,2
23,|Horse Racing|,48181,YORK (AU),ROW,8
23,|Horse Racing|,48233,SUNSHINE CO',ROW,8
23,|Horse Racing|,48238,BORDEAUX,FRA,2
23,|Horse Racing|,48263,ALICE SPRIN',ROW,8
23,|Horse Racing|,48301,MORPHETTVIL',ROW,8
23,|Horse Racing|,48523,AGEN.,FRA,2
23,|Horse Racing|,48524,AMIENS.,FRA,2
23,|Horse Racing|,48525,ANGERS.,FRA,2
23,|Horse Racing|,48526,AUTEUIL.,FRA,2
23,|Horse Racing|,48527,BORDEAUX-LE BOUSCAT.,FRA,2
23,|Horse Racing|,48528,CABOURG.,FRA,2
23,|Horse Racing|,48529,CAEN.,FRA,2
23,|Horse Racing|,48530,CAGNES-SUR-MER.,FRA,2
23,|Horse Racing|,48531,CHANTILLY.,FRA,2
23,|Horse Racing|,48532,CHATEAUBRIANT.,FRA,2
23,|Horse Racing|,48533,CLAIREFONTAINE.,FRA,2
23,|Horse Racing|,48534,COMPIEGNE.,FRA,2
23,|Horse Racing|,48535,CRAON.,FRA,2
23,|Horse Racing|,48536,DEAUVILLE.,FRA,2
23,|Horse Racing|,48538,DIEPPE.,FRA,2
23,|Horse Racing|,48539,ENGHIEN.,FRA,2
23,|Horse Racing|,48540,FONTAINEBLEAU.,FRA,2
23,|Horse Racing|,48541,LE CROISE-LAROCHE.,FRA,2
23,|Horse Racing|,48542,LE LION D'ANGERS.,FRA,2
23,|Horse Racing|,48543,LONGCHAMP.,FRA,2
23,|Horse Racing|,48544,LYON PARILLY.,FRA,2
23,|Horse Racing|,48545,MAISONS-LAFFITTE.,FRA,2
23,|Horse Racing|,48546,MARSEILLE.,FRA,2
23,|Horse Racing|,48547,MARSEILLE-BORELY.,FRA,2
23,|Horse Racing|,48548,PAU.,FRA,2
23,|Horse Racing|,48549,SAINT-CLOUD.,FRA,2
23,|Horse Racing|,48550,STRASBOURG.,FRA,2
23,|Horse Racing|,48551,TOULOUSE.,FRA,2
23,|Horse Racing|,48552,VICHY.,FRA,2
23,|Horse Racing|,48553,VINCENNES.,FRA,2
23,|Horse Racing|,48600,MONT DE MARSAN.,FRA,2
23,|Horse Racing|,48601,NANTES.,FRA,2
23,|Horse Racing|,48620,PONTCHATEAU.,FRA,2
23,|Horse Racing|,48621,PORNICHET.,FRA,2
23,|Horse Racing|,48622,LE LION D ANGERS.,FRA,2
23,|Horse Racing|,48628,LA CAPELLE.,FRA,2
23,|Horse Racing|,48629,CORDEMAIS.,ROW,8
23,|Horse Racing|,48634,LYON LA SOIE.,FRA,2
23,|Horse Racing|,48636,BORDEAUX LE BOUSCAT,FRA,2
23,|Horse Racing|,48703,LYON-PARILLY,FRA,2
23,|Horse Racing|,48714,AIX-LES-BAINS.,FRA,2
23,|Horse Racing|,48715,ALENCON DNU,ROW,8
23,|Horse Racing|,48716,ALENCON.,ROW,8
23,|Horse Racing|,48717,ANGOULEME.,FRA,2
23,|Horse Racing|,48718,ARGENTAN.,ROW,8
23,|Horse Racing|,48719,ARRAS.,ROW,8
23,|Horse Racing|,48720,AVIGNON.,FRA,2
23,|Horse Racing|,48721,BEAUMONT-DE-LOMAGNE.,FRA,2
23,|Horse Racing|,48722,BERNAY.,ROW,8
23,|Horse Racing|,48723,BREHAL.,ROW,8
23,|Horse Racing|,48724,CAGNES-SUR-MER MIDI.,FRA,2
23,|Horse Racing|,48725,CARPENTRAS.,ROW,8
23,|Horse Racing|,48726,CAVAILLON.,FRA,2
23,|Horse Racing|,48727,CHALLANS.,ROW,8
23,|Horse Racing|,48728,CHANTILLY MIDI.,FRA,2
23,|Horse Racing|,48729,CHARTRES.,FRA,2
23,|Horse Racing|,48730,CHATELAILLON.,FRA,2
23,|Horse Racing|,48731,CHATILLON-SUR-CHALARONNE.,FRA,2
23,|Horse Racing|,48732,CHERBOURG.,FRA,2
23,|Horse Racing|,48733,CHOLET.,ROW,8
23,|Horse Racing|,48734,DAX.,FRA,2
23,|Horse Racing|,48735,DEAUVILLE MIDI.,FRA,2
23,|Horse Racing|,48736,DIVONNE LES BAINS.,FRA,2
23,|Horse Racing|,48737,DURTAL.,ROW,8
23,|Horse Racing|,48738,ECOMMOY.,ROW,8
23,|Horse Racing|,48739,EVREUX.,FRA,2
23,|Horse Racing|,48740,EVRY.,FRA,2
23,|Horse Racing|,48742,FEURS.,FRA,2
23,|Horse Racing|,48744,FOUGERES.,ROW,8
23,|Horse Racing|,48745,GRAIGNES.,FRA,2
23,|Horse Racing|,48746,HYERES.,FRA,2
23,|Horse Racing|,48747,LA ROCHE-POSAY.,FRA,2
23,|Horse Racing|,48748,LA TESTE DE BUCH.,FRA,2
23,|Horse Racing|,48750,LANGON-LIBOURNE.,FRA,2
23,|Horse Racing|,48751,LAON.,FRA,2
23,|Horse Racing|,48752,LAVAL.,FRA,2
23,|Horse Racing|,48753,LE BOUSCAT.,FRA,2
23,|Horse Racing|,48754,LE LION DANGERS.,FRA,2
23,|Horse Racing|,48755,LE MANS.,FRA,2
23,|Horse Racing|,48756,LE MONT-SAINT-MICHEL.,FRA,2
23,|Horse Racing|,48757,LE TOUQUET.,FRA,2
23,|Horse Racing|,48758,LES SABLES.,FRA,2
23,|Horse Racing|,48759,LIGNIERES EN BERRY.,FRA,2
23,|Horse Racing|,48760,LISIEUX.,FRA,2
23,|Horse Racing|,48761,MACHECOUL.,ROW,8
23,|Horse Racing|,48762,MAUQUENCHY.,FRA,2
23,|Horse Racing|,48763,MAURE DE BRETAGNE.,FRA,2
23,|Horse Racing|,48764,MESLAY DU MAINE.,FRA,2
23,|Horse Racing|,48765,MONTIER-EN-DER.,FRA,2
23,|Horse Racing|,48766,MONTLUCON-NERIS-LES-BAINS.,FRA,2
23,|Horse Racing|,48767,MORLAIX.,ROW,8
23,|Horse Racing|,48768,MOULINS.,FRA,2
23,|Horse Racing|,48769,NANCY.,FRA,2
23,|Horse Racing|,48770,NIMES.,FRA,2
23,|Horse Racing|,48771,NIORT.,ROW,8
23,|Horse Racing|,48773,NORT-SUR-ERDRE.,FRA,2
23,|Horse Racing|,48774,ORLEANS.,ROW,8
23,|Horse Racing|,48775,POMPADOUR.,FRA,2
23,|Horse Racing|,48776,PRUNELLI.,ROW,8
23,|Horse Racing|,48777,PRUNELLI DI FIUMORBO.,ROW,8
23,|Horse Racing|,48778,RAMBOUILLET.,FRA,2
23,|Horse Racing|,48779,REIMS.,FRA,2
23,|Horse Racing|,48780,ROUEN.,FRA,2
23,|Horse Racing|,48781,ROYAN-LA PALMYRE.,ROW,8
23,|Horse Racing|,48782,SABLE-SUR-SARTHE.,FRA,2
23,|Horse Racing|,48783,SAINT BRIEUC.,FRA,2
23,|Horse Racing|,48784,SAINT GALMIER.,FRA,2
23,|Horse Racing|,48785,SAINT-JEAN-DE-MONTS.,FRA,2
23,|Horse Racing|,48786,SAINT-MALO.,FRA,2
23,|Horse Racing|,48787,SALON-DE-PROVENCE.,FRA,2
23,|Horse Racing|,48788,SEGRE.,ROW,8
23,|Horse Racing|,48789,SENONNES-POUANCE.,FRA,2
23,|Horse Racing|,48790,TARBES.,ROW,8
23,|Horse Racing|,48791,TOURS.,FRA,2
23,|Horse Racing|,48792,VANNES.,ROW,8
23,|Horse Racing|,48793,VICHY SOIR.,FRA,2
23,|Horse Racing|,48794,VILLENEUVE-SUR-LOT.,FRA,2
23,|Horse Racing|,48795,VILLEREAL.,FRA,2
23,|Horse Racing|,48796,VIRE.,ROW,8
23,|Horse Racing|,48797,VITRE.,ROW,8
23,|Horse Racing|,48798,VITTEL.,ROW,8
23,|Horse Racing|,48799,WISSEMBOURG.,ROW,8
23,|Horse Racing|,48803,LA TESTE DE BUCH,FRA,2
23,|Horse Racing|,48977,GAVEA,ROW,8
23,|Horse Racing|,49108,BUSAN,ROW,8
23,|Horse Racing|,49109,JEJU,ROW,8
23,|Horse Racing|,49110,SEOUL,ROW,8
23,|Horse Racing|,49156,MARTINIQUE.,FRA,2
23,|Horse Racing|,49157,CASTILLONNES.,ROW,8
23,|Horse Racing|,49158,PARAY LE MONIAL.,ROW,8
23,|Horse Racing|,49159,SAINT-OMER.,ROW,8
23,|Horse Racing|,49160,ORAISON.,ROW,8
23,|Horse Racing|,49169,BELMONT (AU),ROW,8
23,|Horse Racing|,49173,TRP EXTRAS,ROW,8
23,|Horse Racing|,49220,PRAIRIE MEDW,US3,5
23,|Horse Racing|,49255,AIX-LES-BAI',FRA,2
23,|Horse Racing|,49266,RMG EXTRAS,ROW,8
23,|Horse Racing|,49292,CLAIREFONTA',FRA,2
23,|Horse Racing|,49413,CASTERA VERDUZAN,ROW,8